{
  "posts": [
    {
      "id": 1,
      "userId": "gummy__jelly",
      "content": "제 미래의 강아지에요",
      "imageUrl": "https://www.animals.or.kr/api/files/images/50730-9078efba-8581-4341-bba2-bd1c7a6253c6.png",
      "introduce": "코딩의 고독"
    },
    {
      "id": 2,
      "userId": "gummy__jelly",
      "content": "나만 강아지 없어",
      "imageUrl": "https://www.animals.or.kr/api/files/images/50730-9078efba-8581-4341-bba2-bd1c7a6253c6.png",
      "introduce": "배고파요"
    },
    {
      "id": 3,
      "userId": "gummy__jelly",
      "content": "이름 지어줘요",
      "imageUrl": "https://www.animals.or.kr/api/files/images/50730-9078efba-8581-4341-bba2-bd1c7a6253c6.png",
      "introduce": "팔로우 안받아요"
    },
    {
      "id": 4,
      "userId": "gummy__jelly",
      "content": "안.....녕.....",
      "imageUrl": "https://upload.wikimedia.org/wikipedia/commons/thumb/8/8f/ChinchillaKR.jpg/300px-ChinchillaKR.jpg",
      "introduce": "친추x"
    },
    {
      "id": 5,
      "userId": "gummy__jelly",
      "content": "귀여워 미쳐",
      "imageUrl": "https://upload.wikimedia.org/wikipedia/commons/thumb/8/8f/ChinchillaKR.jpg/300px-ChinchillaKR.jpg"
    },
    {
      "id": 6,
      "userId": "gummy__jelly",
      "content": "내 코딩 속도는 사육 중",
      "imageUrl": "https://upload.wikimedia.org/wikipedia/commons/thumb/8/8f/ChinchillaKR.jpg/300px-ChinchillaKR.jpg"
    },
    {
      "id": 7,
      "userId": "gummy__jelly",
      "content": "살찌우고싶어",
      "imageUrl": "https://www.chemicalnews.co.kr/news/photo/202107/4159_10727_3352.png"
    },
    {
      "id": 8,
      "userId": "gummy__jelly",
      "content": "골스터",
      "imageUrl": "https://www.chemicalnews.co.kr/news/photo/202107/4159_10727_3352.png"
    },
    {
      "id": 9,
      "userId": "gummy__jelly",
      "content": "골든 햄스터 또 나왔음",
      "imageUrl": "https://www.chemicalnews.co.kr/news/photo/202107/4159_10727_3352.png"
    },
    {
      "id": 10,
      "userId": "gummy__jelly",
      "content": "대나무가 그리 맛있더나",
      "imageUrl": "https://upload.wikimedia.org/wikipedia/commons/thumb/b/bd/A_Panda_eating.jpg/300px-A_Panda_eating.jpg"
    },
    {
      "id": 11,
      "userId": "gummy__jelly",
      "content": "나도 다음생엔 판다로",
      "imageUrl": "https://upload.wikimedia.org/wikipedia/commons/thumb/b/bd/A_Panda_eating.jpg/300px-A_Panda_eating.jpg"
    },
    {
      "id": 12,
      "userId": "gummy__jelly",
      "content": "도토리 다 판다",
      "imageUrl": "https://upload.wikimedia.org/wikipedia/commons/thumb/b/bd/A_Panda_eating.jpg/300px-A_Panda_eating.jpg"
    },
    {
      "image": "https://upload.wikimedia.org/wikipedia/commons/thumb/1/18/Bradypus.jpg/450px-Bradypus.jpg",
      "id": 13
    },
    {
      "image": "https://upload.wikimedia.org/wikipedia/commons/thumb/1/18/Bradypus.jpg/450px-Bradypus.jpg",
      "id": 14
    },
    {
      "image": "https://upload.wikimedia.org/wikipedia/commons/thumb/1/18/Bradypus.jpg/450px-Bradypus.jpg",
      "id": 15
    },
    {
      "image": "https://upload.wikimedia.org/wikipedia/commons/thumb/1/18/Bradypus.jpg/450px-Bradypus.jpg",
      "id": 16
    },
    {
      "image": "https://upload.wikimedia.org/wikipedia/commons/thumb/1/18/Bradypus.jpg/450px-Bradypus.jpg",
      "id": 17
    },
    {
      "image": "https://upload.wikimedia.org/wikipedia/commons/thumb/1/18/Bradypus.jpg/450px-Bradypus.jpg",
      "id": 18
    },
    {
      "image": "https://upload.wikimedia.org/wikipedia/commons/thumb/1/18/Bradypus.jpg/450px-Bradypus.jpg",
      "id": 19
    }
  ],
  "users": [
    {
      "id": 1,
      "userId": "test",
      "password": "test"
    }
  ],
  "tokens": [
    {
      "userID": 1,
      "token": "test_token"
    }
  ],
  "recommend": [
    {
      "id": 1,
      "userId": "princess_yuri",
      "userName": "조유리",
      "content": "제 미래의 강아지에요",
      "imageUrl": "https://www.animals.or.kr/api/files/images/50730-9078efba-8581-4341-bba2-bd1c7a6253c6.png",
      "introduce": "공주다"
    },
    {
      "id": 2,
      "userId": "mara_kyungjin",
      "content": "나만 강아지 없어",
      "userName": "장경진",
      "imageUrl": "https://www.animals.or.kr/api/files/images/50730-9078efba-8581-4341-bba2-bd1c7a6253c6.png",
      "introduce": "마라탕 드실 분만 팔로"
    },
    {
      "id": 3,
      "userId": "iamsam_movie",
      "content": "이름 지어줘요",
      "userName": "샘킴",
      "imageUrl": "https://www.animals.or.kr/api/files/images/50730-9078efba-8581-4341-bba2-bd1c7a6253c6.png",
      "introduce": "음 오늘 낟배드"
    },
    {
      "id": 4,
      "userId": "chanchanchicken",
      "content": "안.....녕.....",
      "userName": "한찬희",
      "imageUrl": "https://upload.wikimedia.org/wikipedia/commons/thumb/8/8f/ChinchillaKR.jpg/300px-ChinchillaKR.jpg",
      "introduce": "비오니까 무릎쑤셔"
    },
    {
      "id": 5,
      "userId": "scientist_ho",
      "userName": "염정호",
      "content": "귀여워 미쳐",
      "imageUrl": "https://upload.wikimedia.org/wikipedia/commons/thumb/8/8f/ChinchillaKR.jpg/300px-ChinchillaKR.jpg"
    },
    {
      "id": 6,
      "userId": "gummy__jelly",
      "content": "내 코딩 속도는 사육 중",
      "imageUrl": "https://upload.wikimedia.org/wikipedia/commons/thumb/8/8f/ChinchillaKR.jpg/300px-ChinchillaKR.jpg"
    },
    {
      "id": 7,
      "userId": "gummy__jelly",
      "content": "살찌우고싶어",
      "imageUrl": "https://www.chemicalnews.co.kr/news/photo/202107/4159_10727_3352.png"
    },
    {
      "id": 8,
      "userId": "gummy__jelly",
      "content": "골스터",
      "imageUrl": "https://www.chemicalnews.co.kr/news/photo/202107/4159_10727_3352.png"
    },
    {
      "id": 9,
      "userId": "gummy__jelly",
      "content": "골든 햄스터 또 나왔음",
      "imageUrl": "https://www.chemicalnews.co.kr/news/photo/202107/4159_10727_3352.png"
    },
    {
      "id": 10,
      "userId": "gummy__jelly",
      "content": "대나무가 그리 맛있더나",
      "imageUrl": "https://upload.wikimedia.org/wikipedia/commons/thumb/b/bd/A_Panda_eating.jpg/300px-A_Panda_eating.jpg"
    },
    {
      "id": 11,
      "userId": "gummy__jelly",
      "content": "나도 다음생엔 판다로",
      "imageUrl": "https://upload.wikimedia.org/wikipedia/commons/thumb/b/bd/A_Panda_eating.jpg/300px-A_Panda_eating.jpg"
    },
    {
      "id": 12,
      "userId": "gummy__jelly",
      "content": "도토리 다 판다",
      "imageUrl": "https://upload.wikimedia.org/wikipedia/commons/thumb/b/bd/A_Panda_eating.jpg/300px-A_Panda_eating.jpg"
    }
  ],
  "create": [
    {
      "id": 1,
      "memberId": "gummy__jelly",
      "image": "https://upload.wikimedia.org/wikipedia/commons/thumb/1/18/Bradypus.jpg/450px-Bradypus.jpg"
    },
    {
      "id": 2,
      "memberId": "gummy__jelly",
      "image": "https://upload.wikimedia.org/wikipedia/commons/thumb/1/18/Bradypus.jpg/450px-Bradypus.jpg"
    }
  ]
}