{
  "explores": [
    {
      "id": 1,
      "name": "americano_sam",
      "title": "첫 번째 게시글",
      "content": "인생 카페로 등극",
      "imageUrl": "/images/coffee.jpg"
    },
    {
      "id": 2,
      "name": "king_jungho",
      "title": "두 번째 게시글",
      "content": "여기 알바생 잘생겼어요ㅎ",
      "imageUrl": "/images/coffee.jpg"
    },
    {
      "id": 3,
      "name": "godchaani",
      "title": "세 번째 게시글",
      "content": "바닐라라떼 너무 내 취향이에요ㅠㅠ",
      "imageUrl": "/images/coffee.jpg"
    },
    {
      "id": 4,
      "name": "jinnny",
      "title": "네 번째 게시글",
      "content": "유리언니랑 곱창 먹으러",
      "imageUrl": "/images/gopchang.jpg"
    },
    {
      "id": 5,
      "name": "jjangguchingu_yuri",
      "title": "다섯 번째 게시글",
      "content": "진구곱창 같네",
      "imageUrl": "/images/gopchang.jpg"
    },
    {
      "id": 6,
      "name": "jjangguchingu_yuri",
      "title": "여섯 번째 게시글",
      "content": "곱창은 언제나 옳지",
      "imageUrl": "/images/gopchang.jpg"
    },
    {
      "id": 7,
      "name": "jinnny",
      "title": "일곱 번째 게시글",
      "content": "1일 1마라탕",
      "imageUrl": "/images/maratang.jpg"
    },
    {
      "id": 8,
      "name": "jinnny",
      "title": "여덟 번째 게시글",
      "content": "마라탕 먹으러가자",
      "imageUrl": "/images/maratang.jpg"
    },
    {
      "id": 9,
      "name": "americano_sam",
      "title": "아홉 번째 게시글",
      "content": "어제도 먹었는데 또 먹고싶어",
      "imageUrl": "/images/maratang.jpg"
    }
  ],

  "accounts": [
    {
      "id": 1,
      "name": "김상윤",
      "userId": "americano_sam",
      "desc": "시바견을 키우는 집사입니다 🐶",
      "profileUrl": "/images/profile.jpg"
    },
    {
      "id": 2,
      "name": "염정호",
      "userId": "king_jungho",
      "desc": "시바견을 키우는 집사입니다 🐶",
      "profileUrl": "/images/profile.jpg"
    },
    {
      "id": 3,
      "name": "한찬희",
      "userId": "godchaani",
      "desc": "시바견을 키우는 집사입니다 🐶",
      "profileUrl": "/images/profile.jpg"
    },
    {
      "id": 4,
      "name": "정경진",
      "userId": "jinnny",
      "desc": "시바견을 키우는 집사입니다 🐶",
      "profileUrl": "/images/profile.jpg"
    },
    {
      "id": 5,
      "name": "조유리",
      "userId": "jjangguchingu_yuri",
      "desc": "시바견을 키우는 집사입니다 🐶",
      "profileUrl": "/images/profile.jpg"
    },
    {
      "id": 6,
      "userId": "Shiba_S2",
      "name": "집사님",
      "desc": "시바견을 키우는 집사입니다 🐶",
      "profileUrl": "/images/coffee.jpg"
    }
  ]
}
