{
  "email": [
    {
      "email": "asdfadsf@gmail.com",
      "id": 1
    },
    {
      "email": "hjajsj@naver.com",
      "id": 2
    },
    {
      "email": "asdf@gmail.com",
      "id": 3
    },
    {
      "email": "jhyeom95@gmail.com",
      "id": 4
    },
    {
      "email": "jhyeom95@naver.com",
      "id": 5
    },
    {
      "email": "jhyeom95@nate.com",
      "id": 6
    },
    {
      "email": "jhyeom95@daum.com",
      "id": 7
    },
    {
      "email": "jhyeom95@info.com",
      "id": 8
    },
    {
      "email": "jhyeom96@daum.com",
      "id": 9
    },
    {
      "email": "jhjhj@gmail.com",
      "id": 10
    },
    {
      "email": "asdfbv@naver.com",
      "id": 11
    },
    {
      "nickname": "sdjlk",
      "password": "Abcdefg123!",
      "id": 12
    }
  ],
  "auth": [
    {
      "number": "123456"
    }
  ],
  "account": [
    {
      "nickname": "jungho123_.",
      "password": "Abcdefg123!"
    }
  ]
}