{
    "story":[
        {
            "id": 1,
            "image": "https://upload.wikimedia.org/wikipedia/commons/thumb/6/6e/Golde33443.jpg/280px-Golde33443.jpg",
            "userId": "정호다"
        },
        {
            "id": 2,
            "image": "https://upload.wikimedia.org/wikipedia/commons/thumb/6/6e/Golde33443.jpg/280px-Golde33443.jpg",
            "userId": "정호다"
        },
        {
            "id": 3,
            "image": "https://upload.wikimedia.org/wikipedia/commons/thumb/6/6e/Golde33443.jpg/280px-Golde33443.jpg",
            "userId": "정호다"
        },
        {
            "id": 4,
            "image": "https://upload.wikimedia.org/wikipedia/commons/thumb/6/6e/Golde33443.jpg/280px-Golde33443.jpg",
            "userId": "정호다"
        },
        {
            "id": 5,
            "image": "https://upload.wikimedia.org/wikipedia/commons/thumb/6/6e/Golde33443.jpg/280px-Golde33443.jpg",
            "userId": "정호다"
        },
        {
            "id": 6,
            "image": "https://upload.wikimedia.org/wikipedia/commons/thumb/6/6e/Golde33443.jpg/280px-Golde33443.jpg",
            "userId": "정호다"
        },
        {
            "id": 7,
            "image": "https://upload.wikimedia.org/wikipedia/commons/thumb/6/6e/Golde33443.jpg/280px-Golde33443.jpg",
            "userId": "정호다"
        },
        {
            "id": 8,
            "image": "https://upload.wikimedia.org/wikipedia/commons/thumb/6/6e/Golde33443.jpg/280px-Golde33443.jpg",
            "userId": "정호다"
        },
        {
            "id": 9,
            "image": "https://upload.wikimedia.org/wikipedia/commons/thumb/6/6e/Golde33443.jpg/280px-Golde33443.jpg",
            "userId": "정호다"
        },
        {
            "id": 10,
            "image": "https://upload.wikimedia.org/wikipedia/commons/thumb/6/6e/Golde33443.jpg/280px-Golde33443.jpg",
            "userId": "정호다"
        }
    ]
}