{
    "storypage":[
        {
            "id": 1,
            "image": ["https://search.pstatic.net/common/?src=https%3A%2F%2Fpup-review-phinf.pstatic.net%2FMjAyMzAzMTFfMTgz%2FMDAxNjc4NTE4NDM1MTQw.ptn-x0_RNaawIuW8epnE8LGYDA1OrS69otpGWv8l38Mg.OEfHjOjlOcRajaGbn-9FbFFGGMTvbs1CUPaJsUVIMFwg.JPEG%2F2A0F2A9A-0670-41D5-99AF-63D97BF16D7A.jpeg", "https://search.pstatic.net/common/?src=http%3A%2F%2Fblogfiles.naver.net%2FMjAyMzA5MDNfMjg0%2FMDAxNjkzNzA5MDUyMzY1.XMR_Txjsqd_-Yb6kNWQo9pXEN0nqeGiMHLF4G-wMkYsg.GXYejApqyquOqDq2dtcbUif6dJj7in_OQTakocU4DLIg.JPEG.sirjk%2F9.jpg"],
            "userId": "곱창전골",
            "userProfile": "https://upload.wikimedia.org/wikipedia/commons/thumb/a/af/Cara_de_quem_caiu_do_caminh%C3%A3o..._%28cropped%29.jpg/220px-Cara_de_quem_caiu_do_caminh%C3%A3o..._%28cropped%29.jpg",
            "postedTime": "6시간 전"
        },{
            "id": 2,
            "image": ["https://search.pstatic.net/common/?src=https%3A%2F%2Fldb-phinf.pstatic.net%2F20170830_276%2F1504069692457FHKe5_PNG%2FD_aMs5pbH-uxgQc8-7MyLobV.png"],
            "userId": "곱창구이",
            "userProfile": "https://upload.wikimedia.org/wikipedia/commons/thumb/a/af/Cara_de_quem_caiu_do_caminh%C3%A3o..._%28cropped%29.jpg/220px-Cara_de_quem_caiu_do_caminh%C3%A3o..._%28cropped%29.jpg",
            "postedTime": "6시간 전"
        },{
            "id": 3,
            "image": ["https://search.pstatic.net/common/?src=http%3A%2F%2Fblogfiles.naver.net%2FMjAyMzEwMTdfMjg2%2FMDAxNjk3NTM0OTMzODE0.AM-Q_Bv06-_mRXLsF58g6Bf1bn2CIaaHik2XI0SkE2Ag.1mIY4O84pgxYPEaUKyYVxDZHTPRXvFzSLC5BLwogfMMg.JPEG.bjsy1030%2FKakaoTalk_20231017_182438699_05.jpg","https://search.pstatic.net/common/?src=https%3A%2F%2Fldb-phinf.pstatic.net%2F20190211_265%2F1549877290173rt3M3_PNG%2FsjxYCdzoQNXpwy84BgRwRsfg.png", "https://search.pstatic.net/common/?src=https%3A%2F%2Fpup-review-phinf.pstatic.net%2FMjAyMzA5MjhfMjc0%2FMDAxNjk1OTA2NDIyMTU3.KeFj6Lltj4eBXzwjK9FiBNUybodg7Sw9olxSq5-OIXgg.8ZI9NNSrv3OvedA703uqU0ioMykR04wzaQ-1Ernm144g.JPEG%2F20230928_124515.jpg","https://search.pstatic.net/common/?src=https%3A%2F%2Fpup-review-phinf.pstatic.net%2FMjAyMzA0MTlfMTc3%2FMDAxNjgxOTAwMDc1MTMz.v1yCkl1ahJkkI6QQNEwBBLfnFYG_rK-NtTkiG8HjK-wg.ET2tmYk8aZDtcvtjhwd1RwXCYNQbG7JLxktgsusP_Ssg.JPEG%2F697B05DE-78F0-4479-9BF0-090C9E703242.jpeg"],
            "userId": "특양",
            "userProfile": "https://upload.wikimedia.org/wikipedia/commons/thumb/a/af/Cara_de_quem_caiu_do_caminh%C3%A3o..._%28cropped%29.jpg/220px-Cara_de_quem_caiu_do_caminh%C3%A3o..._%28cropped%29.jpg",
            "postedTime": "6시간 전"
        },{
            "id": 4,
            "image": ["https://search.pstatic.net/common/?src=http%3A%2F%2Fblogfiles.naver.net%2FMjAyMzA5MTFfMTMy%2FMDAxNjk0NDA5NzY2MzEw.dz7vWgQtomsRtB0GbH6aT5x1DjQ94l6bdvqxBMYgmkog.m3FnxS3a-Agx0qmlLkUme2bd7MMEwfQ0AziF3FYWGp0g.JPEG.rlagmlgus77%2FIMG_7678.jpg", "https://search.pstatic.net/common/?src=https%3A%2F%2Fldb-phinf.pstatic.net%2F20230201_219%2F1675228982362k4Wsb_JPEG%2FKakaoTalk_20230201_141808768_03.jpg", "https://search.pstatic.net/common/?src=https%3A%2F%2Fpup-review-phinf.pstatic.net%2FMjAyMzEwMTBfMjUz%2FMDAxNjk2OTQxNjUwOTQ0.HUzloauqch2HRdnOMaOkEmdG4hzMhGl0-FNqjC96qiIg.EXdYgwJYS-iDdoNOllWYJvae5O-sTpWkv3buOnKltl0g.JPEG%2F20231010_214018.jpg"],
            "userId": "곱창볶음",
            "userProfile": "https://upload.wikimedia.org/wikipedia/commons/thumb/a/af/Cara_de_quem_caiu_do_caminh%C3%A3o..._%28cropped%29.jpg/220px-Cara_de_quem_caiu_do_caminh%C3%A3o..._%28cropped%29.jpg",
            "postedTime": "6시간 전"
        },{
            "id": 5,
            "image": ["https://search.pstatic.net/common/?src=http%3A%2F%2Fblogfiles.naver.net%2FMjAyMzA5MDZfMjU1%2FMDAxNjkzOTg3MTI2ODk4.HG2fsIdYlchVe6b1cc9rqhXC7osdzzMbWxeMpAuiEcog.h5EFonEpabzu_q0yWFhtKzCtny6nE9960u3z2myAB58g.JPEG.gjqmzmdk%2FIMG_3008.jpg", "https://search.pstatic.net/common/?src=http%3A%2F%2Fblogfiles.naver.net%2FMjAyMzA5MDFfMTI1%2FMDAxNjkzNTA1NDE1NTU2.giKMjTW8SYhBsJ4b8ZRRa_V2GteERRZQEXTA8wFo4bAg.o1HJvKJXvq_7ymiN_O-Z1AqN2-uw0R_63gBZtTCvPTAg.JPEG.jds099%2FIMG_6236.JPG"],
            "userId": "막창구이",
            "userProfile": "https://upload.wikimedia.org/wikipedia/commons/thumb/a/af/Cara_de_quem_caiu_do_caminh%C3%A3o..._%28cropped%29.jpg/220px-Cara_de_quem_caiu_do_caminh%C3%A3o..._%28cropped%29.jpg",
            "postedTime": "6시간 전"
        }
    ]
}